user_id,sessions,time_spent_mins,lessons_completed,last_active_day,onboarding_completed,device_type,course_category,support_tickets,notifications_enabled,conversion_status
USR_0001,2,12,2,4,0,desktop,data_science,0,0,0
USR_0002,1,12,0,18,0,mobile,marketing,1,0,0
USR_0003,2,24,4,6,0,mobile,data_science,0,0,0
USR_0004,1,16,3,26,0,tablet,coding,2,1,0
USR_0005,18,517,6,6,1,mobile,design,0,0,1
USR_0006,14,422,13,9,1,desktop,language,2,1,1
USR_0007,8,172,8,8,1,mobile,data_science,0,0,1
USR_0008,2,10,0,11,0,desktop,marketing,1,0,0
USR_0009,1,5,3,6,0,tablet,marketing,0,0,0
USR_0010,1,12,0,16,0,mobile,data_science,2,1,0
USR_0011,12,247,17,4,1,desktop,design,0,0,1
USR_0012,3,20,0,11,1,desktop,data_science,0,0,0
USR_0013,1,5,3,21,0,tablet,data_science,0,0,0
USR_0014,13,261,15,9,1,mobile,data_science,0,1,1
USR_0015,13,305,14,1,1,desktop,design,0,1,1
USR_0016,14,227,11,11,1,mobile,data_science,0,1,1
USR_0017,17,457,17,6,1,mobile,coding,1,0,1
USR_0018,1,5,0,24,0,mobile,marketing,1,1,0
USR_0019,3,19,4,19,0,desktop,design,0,1,0
USR_0020,10,194,12,11,1,tablet,language,0,1,1
USR_0021,2,34,2,19,1,mobile,data_science,0,0,0
USR_0022,4,75,12,2,1,desktop,coding,1,1,1
USR_0023,4,106,17,11,1,desktop,coding,3,0,1
USR_0024,1,10,1,9,0,mobile,marketing,0,1,0
USR_0025,1,9,2,23,0,tablet,coding,0,1,0
USR_0026,4,36,6,4,0,mobile,language,0,0,0
USR_0027,14,220,13,5,1,mobile,coding,0,0,1
USR_0028,1,15,3,9,0,mobile,marketing,0,0,0
USR_0029,3,13,2,19,1,tablet,marketing,0,0,0
USR_0030,21,413,10,4,1,tablet,marketing,0,1,1
USR_0031,1,8,5,19,0,mobile,coding,0,1,0
USR_0032,10,198,13,5,0,mobile,design,1,1,1
USR_0033,10,245,7,14,1,mobile,coding,0,1,1
USR_0034,1,12,1,19,0,desktop,coding,0,1,0
USR_0035,1,13,1,17,0,desktop,data_science,1,0,0
USR_0036,1,15,1,20,0,tablet,design,2,1,0
USR_0037,6,81,14,14,1,desktop,coding,0,1,1
USR_0038,11,173,14,14,1,desktop,language,0,0,1
USR_0039,1,5,2,2,0,desktop,coding,0,1,0
USR_0040,3,18,5,19,0,mobile,data_science,2,0,0
USR_0041,14,509,17,9,1,desktop,coding,0,1,1
USR_0042,1,12,6,18,0,mobile,marketing,1,0,0
USR_0043,7,84,11,14,1,mobile,coding,0,1,1
USR_0044,1,9,3,2,1,mobile,marketing,2,0,0
USR_0045,9,169,16,14,1,desktop,data_science,1,1,1
USR_0046,1,5,3,1,0,desktop,language,0,0,0
USR_0047,14,392,10,1,1,desktop,coding,0,1,1
USR_0048,5,68,3,25,1,mobile,data_science,0,1,0
USR_0049,1,13,1,10,0,desktop,design,0,1,0
USR_0050,23,622,13,13,1,mobile,marketing,0,1,1
USR_0051,5,30,8,16,1,desktop,data_science,2,0,0
USR_0052,1,13,2,24,0,mobile,marketing,1,1,0
USR_0053,1,8,4,5,0,desktop,coding,0,1,0
USR_0054,2,31,0,24,1,desktop,design,0,0,0
USR_0055,3,45,2,23,0,desktop,data_science,0,0,0
USR_0056,2,22,2,12,0,desktop,coding,2,1,0
USR_0057,9,160,4,11,0,desktop,data_science,0,1,1
USR_0058,29,704,16,2,1,mobile,marketing,0,1,1
USR_0059,15,268,10,7,1,desktop,language,0,1,1
USR_0060,12,297,12,13,1,mobile,data_science,1,0,1
USR_0061,1,5,3,9,1,mobile,marketing,0,0,0
USR_0062,14,284,7,13,0,mobile,data_science,0,1,1
USR_0063,4,70,1,26,1,tablet,design,0,1,0
USR_0064,6,94,2,15,0,mobile,coding,0,0,0
USR_0065,13,298,9,7,1,mobile,design,0,0,1
USR_0066,1,5,2,13,0,tablet,coding,0,0,0
USR_0067,10,301,8,6,1,desktop,coding,1,1,1
USR_0068,2,8,0,21,1,mobile,design,1,0,0
USR_0069,11,287,16,12,1,tablet,marketing,1,1,1
USR_0070,2,13,0,7,1,mobile,design,3,0,0
USR_0071,1,18,2,25,1,desktop,language,1,0,0
USR_0072,7,205,18,12,1,desktop,marketing,0,1,1
USR_0073,19,259,11,11,1,desktop,coding,0,1,1
USR_0074,8,87,1,4,1,desktop,data_science,2,0,0
USR_0075,3,33,3,11,0,mobile,design,1,0,0
USR_0076,1,5,5,8,1,mobile,language,3,0,0
USR_0077,2,5,0,6,1,desktop,language,0,0,0
USR_0078,20,423,10,6,1,mobile,marketing,1,0,1
USR_0079,1,11,0,10,1,tablet,design,0,1,0
USR_0080,9,167,14,11,1,mobile,marketing,1,1,1
USR_0081,1,5,3,7,1,mobile,coding,2,0,0
USR_0082,3,38,1,4,1,desktop,coding,0,0,0
USR_0083,11,271,5,2,1,mobile,design,0,0,1
USR_0084,5,68,11,14,1,mobile,marketing,1,1,1
USR_0085,27,804,14,12,1,mobile,language,1,1,1
USR_0086,18,387,19,1,1,tablet,data_science,0,1,1
USR_0087,1,8,0,13,0,mobile,marketing,1,0,0
USR_0088,1,18,1,20,0,mobile,marketing,1,1,0
USR_0089,4,41,4,17,0,mobile,design,1,0,0
USR_0090,2,21,5,27,1,mobile,data_science,0,1,0
USR_0091,22,535,11,1,1,mobile,design,0,1,1
USR_0092,5,15,2,17,0,desktop,design,2,0,0
USR_0093,5,69,3,26,0,tablet,design,0,0,0
USR_0094,3,54,2,26,1,mobile,design,0,0,0
USR_0095,3,25,0,4,0,desktop,marketing,0,1,0
USR_0096,2,28,4,11,0,tablet,coding,1,0,0
USR_0097,1,5,6,3,0,mobile,data_science,2,0,0
USR_0098,1,6,3,11,0,mobile,design,1,1,0
USR_0099,16,274,12,10,1,tablet,coding,0,1,1
USR_0100,5,126,11,6,1,desktop,language,2,1,1
USR_0101,5,155,13,5,1,mobile,coding,0,1,1
USR_0102,2,35,4,4,0,mobile,data_science,2,0,0
USR_0103,3,39,13,8,0,mobile,marketing,0,1,1
USR_0104,5,79,3,1,0,mobile,coding,1,0,0
USR_0105,2,16,1,14,0,desktop,marketing,2,0,0
USR_0106,10,262,12,12,1,desktop,design,1,1,1
USR_0107,8,88,2,13,0,desktop,coding,2,1,0
USR_0108,1,12,4,24,0,mobile,language,1,1,0
USR_0109,10,241,4,13,1,mobile,coding,0,0,1
USR_0110,10,116,20,1,1,mobile,data_science,0,0,1
USR_0111,9,236,15,4,1,desktop,coding,0,0,1
USR_0112,15,471,8,2,1,desktop,coding,1,1,1
USR_0113,3,5,4,23,0,mobile,marketing,1,0,0
USR_0114,1,14,4,26,0,mobile,marketing,2,1,0
USR_0115,2,28,1,14,0,desktop,coding,0,1,0
USR_0116,1,11,8,12,0,desktop,design,0,0,0
USR_0117,3,13,0,18,1,mobile,marketing,0,0,0
USR_0118,7,272,11,11,1,mobile,marketing,0,1,1
USR_0119,1,20,3,27,0,mobile,data_science,1,0,0
USR_0120,4,42,7,14,0,desktop,marketing,0,0,0
USR_0121,2,25,1,19,1,desktop,data_science,0,0,0
USR_0122,5,55,2,29,0,desktop,design,4,0,0
USR_0123,7,83,8,4,1,desktop,language,0,1,1
USR_0124,10,251,12,3,1,tablet,coding,1,1,1
USR_0125,12,298,17,1,1,mobile,coding,0,1,1
USR_0126,1,14,4,18,0,mobile,data_science,0,1,0
USR_0127,1,21,3,11,0,mobile,coding,0,0,0
USR_0128,4,11,5,28,1,mobile,coding,0,0,0
USR_0129,10,288,10,6,1,desktop,design,1,1,1
USR_0130,3,12,3,9,1,tablet,data_science,2,0,0
USR_0131,1,17,3,12,0,desktop,data_science,0,1,0
USR_0132,12,346,13,6,1,mobile,data_science,0,1,1
USR_0133,9,180,9,2,0,mobile,coding,0,0,1
USR_0134,21,257,12,2,1,mobile,data_science,1,0,1
USR_0135,5,93,2,11,1,desktop,design,1,1,0
USR_0136,15,550,9,7,1,mobile,coding,0,1,1
USR_0137,6,66,6,14,1,mobile,language,0,0,0
USR_0138,1,12,0,3,1,mobile,data_science,0,0,0
USR_0139,1,17,3,19,1,tablet,language,0,1,0
USR_0140,4,22,1,20,1,desktop,coding,1,0,0
USR_0141,2,18,2,25,0,tablet,marketing,0,0,0
USR_0142,17,568,11,11,1,desktop,design,2,0,1
USR_0143,4,16,4,29,1,desktop,marketing,2,0,0
USR_0144,12,325,13,5,1,mobile,design,0,1,1
USR_0145,11,198,14,11,1,mobile,language,0,1,1
USR_0146,13,244,7,1,1,desktop,design,0,1,1
USR_0147,2,26,4,28,1,desktop,marketing,1,0,0
USR_0148,4,42,0,27,0,mobile,marketing,2,0,0
USR_0149,9,172,9,9,1,mobile,design,1,0,1
USR_0150,10,299,11,4,1,desktop,data_science,1,1,1
USR_0151,4,33,5,3,1,mobile,coding,0,0,0
USR_0152,4,106,18,2,1,desktop,marketing,1,1,1
USR_0153,7,121,4,7,1,mobile,data_science,1,1,1
USR_0154,1,11,3,7,0,mobile,design,0,0,0
USR_0155,1,9,5,25,1,mobile,coding,1,1,0
USR_0156,12,290,12,2,1,desktop,data_science,0,1,1
USR_0157,1,25,1,3,1,desktop,design,0,0,0
USR_0158,1,14,3,2,0,mobile,design,0,0,0
USR_0159,3,67,12,6,1,tablet,data_science,0,1,1
USR_0160,1,8,1,17,1,mobile,coding,2,1,0
USR_0161,1,7,4,9,1,mobile,data_science,1,0,0
USR_0162,1,9,0,22,1,desktop,design,1,0,0
USR_0163,1,11,1,6,0,mobile,coding,0,1,0
USR_0164,5,5,0,24,1,desktop,design,0,1,0
USR_0165,14,331,6,5,1,tablet,design,0,1,1
USR_0166,1,6,3,21,1,desktop,language,0,0,0
USR_0167,8,188,11,6,1,desktop,coding,1,1,1
USR_0168,9,175,16,12,1,desktop,coding,1,1,1
USR_0169,4,97,10,14,1,mobile,data_science,0,1,1
USR_0170,2,5,4,2,0,mobile,data_science,1,0,0
USR_0171,3,18,6,22,0,mobile,coding,0,0,0
USR_0172,15,327,11,14,1,tablet,marketing,1,1,1
USR_0173,1,10,2,9,0,mobile,data_science,2,0,0
USR_0174,12,340,13,5,1,mobile,data_science,0,1,1
USR_0175,4,81,6,10,1,tablet,data_science,2,0,0
USR_0176,6,224,7,6,1,desktop,marketing,1,1,1
USR_0177,1,9,0,10,0,tablet,coding,2,0,0
USR_0178,1,8,4,27,0,desktop,coding,1,0,0
USR_0179,1,5,4,8,0,mobile,coding,0,0,0
USR_0180,18,657,18,3,1,desktop,design,0,1,1
USR_0181,16,348,10,2,1,mobile,marketing,0,1,1
USR_0182,9,166,17,3,1,mobile,data_science,0,1,1
USR_0183,1,13,4,7,0,desktop,coding,1,1,0
USR_0184,1,8,1,4,0,desktop,coding,0,1,0
USR_0185,15,464,19,6,1,desktop,design,0,1,1
USR_0186,2,32,0,12,0,tablet,coding,1,0,0
USR_0187,1,7,4,16,1,desktop,marketing,1,0,0
USR_0188,2,22,2,6,0,mobile,coding,2,0,0
USR_0189,3,32,2,28,1,desktop,coding,0,1,0
USR_0190,7,204,15,3,1,desktop,coding,0,1,1
USR_0191,8,159,4,13,1,tablet,marketing,0,0,1
USR_0192,1,5,4,8,0,mobile,design,0,1,0
USR_0193,2,8,4,7,0,mobile,language,0,0,0
USR_0194,1,12,2,4,1,desktop,data_science,0,1,0
USR_0195,6,116,12,9,1,mobile,coding,0,1,1
USR_0196,19,596,6,4,1,desktop,design,0,1,1
USR_0197,4,60,2,19,0,mobile,data_science,1,1,0
USR_0198,1,10,2,7,0,mobile,design,1,0,0
USR_0199,1,10,2,10,1,desktop,data_science,2,0,0
USR_0200,3,41,4,25,1,mobile,coding,1,1,0
USR_0201,7,56,2,12,0,desktop,coding,1,1,0
USR_0202,6,108,19,12,1,mobile,design,0,0,1
USR_0203,11,102,15,11,1,mobile,data_science,1,1,1
USR_0204,7,92,4,26,1,mobile,marketing,1,0,0
USR_0205,1,17,1,25,1,desktop,data_science,0,1,0
USR_0206,18,378,8,6,1,mobile,marketing,0,1,1
USR_0207,22,308,7,12,1,desktop,data_science,0,1,1
USR_0208,3,47,3,12,0,desktop,coding,1,1,0
USR_0209,10,106,12,4,1,desktop,language,0,1,1
USR_0210,10,225,11,14,1,desktop,data_science,0,0,1
USR_0211,3,18,3,8,1,mobile,design,0,1,0
USR_0212,1,14,2,12,0,mobile,design,2,0,0
USR_0213,1,15,5,20,0,desktop,data_science,1,0,0
USR_0214,20,549,9,9,1,mobile,design,0,1,1
USR_0215,2,7,3,28,0,desktop,marketing,0,1,0
USR_0216,9,323,10,14,1,desktop,data_science,0,1,1
USR_0217,9,100,8,1,1,mobile,design,0,1,1
USR_0218,2,17,3,24,1,desktop,marketing,0,1,0
USR_0219,2,26,1,13,0,tablet,coding,3,0,0
USR_0220,2,12,1,25,1,mobile,data_science,2,1,0
USR_0221,2,5,1,7,1,desktop,coding,1,0,0
USR_0222,4,31,0,8,0,mobile,design,2,1,0
USR_0223,18,214,15,3,1,desktop,marketing,1,1,1
USR_0224,2,17,2,16,0,tablet,design,0,1,0
USR_0225,25,716,17,9,1,desktop,coding,0,1,1
USR_0226,11,302,11,3,1,desktop,data_science,1,1,1
USR_0227,1,7,0,4,1,tablet,marketing,1,1,0
USR_0228,3,43,6,17,1,desktop,data_science,1,1,0
USR_0229,3,48,5,16,0,desktop,marketing,1,1,0
USR_0230,3,47,3,19,0,desktop,marketing,1,0,0
USR_0231,1,5,6,23,0,desktop,coding,3,0,0
USR_0232,1,5,1,27,0,desktop,coding,0,1,0
USR_0233,1,12,6,11,0,tablet,data_science,0,0,0
USR_0234,1,13,1,7,1,desktop,design,0,1,0
USR_0235,18,328,10,5,1,desktop,marketing,0,1,1
USR_0236,4,5,0,13,0,mobile,design,2,0,0
USR_0237,13,293,6,8,1,desktop,data_science,0,1,1
USR_0238,13,259,14,5,1,desktop,coding,0,0,1
USR_0239,1,12,2,26,0,desktop,marketing,0,0,0
USR_0240,10,150,10,9,1,mobile,coding,1,1,1
USR_0241,1,10,3,28,0,tablet,design,0,1,0
USR_0242,2,23,1,22,1,mobile,coding,1,0,0
USR_0243,1,10,1,13,1,mobile,coding,0,0,0
USR_0244,1,13,4,29,1,desktop,coding,0,1,0
USR_0245,10,158,13,10,1,desktop,coding,0,1,1
USR_0246,1,10,4,7,0,mobile,design,1,0,0
USR_0247,1,8,5,1,0,desktop,coding,1,0,0
USR_0248,1,10,0,1,1,mobile,language,1,1,0
USR_0249,3,37,5,20,1,mobile,design,0,0,0
USR_0250,1,11,7,23,0,mobile,data_science,3,0,0
USR_0251,12,343,10,1,1,tablet,data_science,1,1,1
USR_0252,3,50,4,27,0,mobile,design,0,0,0
USR_0253,1,11,5,15,0,mobile,coding,1,1,0
USR_0254,8,131,4,8,1,desktop,language,0,1,1
USR_0255,30,224,13,3,1,mobile,design,0,1,1
USR_0256,1,5,0,26,0,desktop,coding,1,0,0
USR_0257,4,18,3,9,0,desktop,design,0,0,0
USR_0258,1,11,3,17,0,desktop,data_science,0,0,0
USR_0259,1,12,4,4,0,mobile,coding,1,0,0
USR_0260,17,532,10,3,1,desktop,language,0,0,1
USR_0261,1,8,1,19,1,desktop,coding,0,0,0
USR_0262,3,20,1,7,0,mobile,design,1,1,0
USR_0263,5,91,5,13,1,mobile,language,0,0,1
USR_0264,5,73,2,9,1,mobile,coding,0,1,0
USR_0265,17,230,3,13,1,mobile,coding,0,0,0
USR_0266,1,9,2,24,1,tablet,coding,2,1,0
USR_0267,1,7,1,2,0,desktop,coding,0,0,0
USR_0268,1,5,6,2,1,mobile,coding,1,0,0
USR_0269,1,17,1,24,0,mobile,marketing,1,0,0
USR_0270,9,165,15,13,1,tablet,marketing,1,0,1
USR_0271,1,6,2,15,1,mobile,design,2,1,0
USR_0272,1,13,0,17,0,desktop,data_science,2,1,0
USR_0273,1,9,1,13,0,mobile,marketing,0,0,0
USR_0274,3,25,1,7,0,desktop,data_science,1,1,0
USR_0275,1,12,4,9,0,desktop,data_science,0,0,0
USR_0276,1,6,1,12,0,mobile,data_science,3,0,0
USR_0277,1,8,4,3,1,mobile,coding,5,0,0
USR_0278,2,21,5,23,0,desktop,language,0,0,0
USR_0279,1,7,4,22,1,tablet,design,1,0,0
USR_0280,1,13,2,15,1,mobile,design,2,1,0
USR_0281,1,19,3,7,1,desktop,design,1,0,0
USR_0282,6,103,17,1,1,mobile,design,0,1,1
USR_0283,1,5,2,26,0,tablet,coding,0,0,0
USR_0284,7,62,10,6,1,desktop,data_science,0,1,1
USR_0285,2,18,4,14,0,mobile,marketing,0,0,0
USR_0286,19,154,18,13,1,mobile,coding,0,1,1
USR_0287,1,11,3,16,0,mobile,language,0,0,0
USR_0288,4,42,0,10,0,desktop,data_science,2,1,0
USR_0289,10,297,6,1,1,mobile,coding,1,0,1
USR_0290,2,5,3,5,1,mobile,data_science,1,0,0
USR_0291,12,183,12,10,1,tablet,marketing,2,1,1
USR_0292,6,50,14,11,1,mobile,data_science,1,0,1
USR_0293,6,47,3,18,0,desktop,design,0,0,0
USR_0294,2,5,0,26,1,mobile,data_science,1,1,0
USR_0295,13,205,10,3,1,mobile,design,0,1,1
USR_0296,1,16,4,27,0,mobile,coding,2,1,0
USR_0297,7,79,0,19,1,desktop,coding,2,1,0
USR_0298,7,170,7,12,1,desktop,coding,0,1,1
USR_0299,1,10,0,25,0,tablet,coding,0,1,0
USR_0300,8,176,9,12,1,mobile,coding,0,1,1
USR_0301,9,269,13,7,1,mobile,design,0,1,1
USR_0302,1,10,2,16,1,tablet,data_science,0,0,0
USR_0303,5,5,3,2,0,mobile,coding,0,0,0
USR_0304,1,8,1,15,1,mobile,coding,0,1,0
USR_0305,1,12,3,13,0,mobile,coding,2,1,0
USR_0306,5,41,4,13,1,desktop,data_science,0,0,0
USR_0307,1,8,4,16,1,desktop,coding,1,1,0
USR_0308,9,138,21,6,1,mobile,data_science,0,1,1
USR_0309,1,12,2,11,1,mobile,data_science,1,0,0
USR_0310,9,215,20,10,1,desktop,design,0,1,1
USR_0311,1,5,7,22,1,tablet,design,0,0,0
USR_0312,13,339,11,14,1,mobile,coding,0,1,1
USR_0313,5,119,10,14,1,desktop,coding,0,1,1
USR_0314,3,24,3,1,0,mobile,coding,2,0,0
USR_0315,1,18,2,12,0,mobile,coding,0,1,0
USR_0316,1,12,2,9,0,mobile,coding,0,1,0
USR_0317,2,23,0,5,0,mobile,marketing,2,0,0
USR_0318,13,340,17,11,1,mobile,coding,0,1,1
USR_0319,21,224,9,9,1,tablet,language,0,1,1
USR_0320,20,488,11,4,1,mobile,coding,0,1,1
USR_0321,2,16,0,8,0,mobile,marketing,2,1,0
USR_0322,3,37,5,23,1,mobile,design,2,0,0
USR_0323,2,10,5,11,0,desktop,data_science,1,0,0
USR_0324,6,112,12,7,0,tablet,data_science,0,1,1
USR_0325,2,8,4,19,0,mobile,design,2,0,0
USR_0326,1,20,1,4,0,mobile,marketing,0,0,0
USR_0327,1,12,2,20,1,mobile,data_science,0,1,0
USR_0328,1,11,5,26,0,mobile,coding,3,0,0
USR_0329,5,23,2,10,0,mobile,data_science,1,1,0
USR_0330,14,253,12,13,1,desktop,coding,0,1,1
USR_0331,3,28,2,13,1,desktop,language,1,1,0
USR_0332,6,66,2,29,0,desktop,design,2,0,0
USR_0333,6,110,12,5,1,mobile,coding,0,1,1
USR_0334,7,79,18,8,1,mobile,coding,0,1,1
USR_0335,17,484,13,13,1,desktop,coding,0,0,1
USR_0336,7,135,17,13,1,desktop,marketing,0,0,1
USR_0337,1,13,3,29,0,mobile,language,0,0,0
USR_0338,2,5,1,4,1,desktop,coding,0,1,0
USR_0339,2,25,5,7,0,mobile,data_science,0,1,0
USR_0340,10,166,12,3,1,mobile,language,1,1,1
USR_0341,1,5,3,17,0,mobile,coding,2,0,0
USR_0342,1,5,3,16,1,tablet,coding,2,1,0
USR_0343,6,165,10,3,1,mobile,data_science,0,1,1
USR_0344,1,11,1,24,1,tablet,coding,0,1,0
USR_0345,1,9,3,24,0,mobile,coding,1,0,0
USR_0346,1,12,2,22,0,mobile,language,0,0,0
USR_0347,2,37,5,23,0,desktop,design,0,0,0
USR_0348,18,487,10,14,1,mobile,data_science,0,1,1
USR_0349,1,5,4,27,1,mobile,data_science,0,0,0
USR_0350,1,14,3,18,0,mobile,design,1,0,0
USR_0351,4,73,5,21,0,desktop,data_science,1,0,0
USR_0352,1,11,3,12,0,desktop,coding,2,1,0
USR_0353,1,5,3,23,1,mobile,coding,1,1,0
USR_0354,4,66,5,1,1,mobile,design,0,1,1
USR_0355,5,93,14,3,1,desktop,coding,1,1,1
USR_0356,1,13,4,15,0,mobile,coding,1,1,0
USR_0357,8,265,7,5,1,mobile,data_science,0,0,1
USR_0358,1,8,1,6,1,mobile,coding,3,0,0
USR_0359,1,5,5,14,1,desktop,language,1,0,0
USR_0360,2,21,0,23,0,mobile,design,1,0,0
USR_0361,1,8,2,6,1,desktop,coding,0,0,0
USR_0362,1,10,5,1,0,desktop,coding,1,0,0
USR_0363,1,10,3,20,0,tablet,design,1,0,0
USR_0364,1,5,2,6,1,desktop,data_science,0,1,0
USR_0365,7,91,3,8,0,mobile,marketing,0,0,0
USR_0366,1,9,3,26,1,desktop,data_science,1,1,0
USR_0367,3,15,0,15,0,tablet,data_science,0,1,0
USR_0368,1,21,2,14,0,mobile,language,0,0,0
USR_0369,13,348,11,2,1,mobile,data_science,3,1,1
USR_0370,11,314,13,13,1,mobile,data_science,0,1,1
USR_0371,19,498,13,10,1,tablet,design,2,1,1
USR_0372,9,172,10,6,0,mobile,marketing,0,1,1
USR_0373,11,236,22,5,1,mobile,design,0,1,1
USR_0374,3,35,1,19,0,desktop,design,3,1,0
USR_0375,13,295,11,12,1,desktop,data_science,1,1,1
USR_0376,4,115,8,12,1,mobile,data_science,0,1,1
USR_0377,1,9,4,4,0,desktop,coding,1,1,0
USR_0378,18,657,14,14,1,desktop,design,0,1,1
USR_0379,1,11,2,10,0,mobile,coding,1,0,0
USR_0380,13,293,6,7,1,desktop,coding,0,1,1
USR_0381,8,5,11,9,1,desktop,language,0,1,1
USR_0382,1,5,1,2,1,tablet,data_science,1,0,0
USR_0383,2,10,4,4,0,desktop,coding,1,1,0
USR_0384,2,14,5,15,0,tablet,coding,0,1,0
USR_0385,1,8,1,29,1,mobile,data_science,1,1,0
USR_0386,1,15,2,4,0,mobile,data_science,1,1,0
USR_0387,9,236,18,2,1,mobile,coding,2,1,1
USR_0388,10,110,15,3,1,mobile,coding,0,0,1
USR_0389,1,14,2,18,1,desktop,coding,0,1,0
USR_0390,4,34,6,7,0,mobile,coding,0,1,0
USR_0391,3,36,0,15,1,mobile,coding,0,0,0
USR_0392,6,55,1,22,1,mobile,data_science,0,0,0
USR_0393,1,11,1,11,0,mobile,coding,0,1,0
USR_0394,1,8,1,19,0,mobile,coding,1,0,0
USR_0395,10,184,13,13,1,mobile,marketing,0,1,1
USR_0396,4,9,1,24,0,desktop,marketing,1,1,0
USR_0397,2,16,1,1,1,mobile,coding,0,1,0
USR_0398,1,11,5,3,0,desktop,coding,0,1,0
USR_0399,5,63,5,5,1,desktop,data_science,0,1,0
USR_0400,1,17,4,18,0,desktop,design,0,0,0
USR_0401,15,156,10,1,1,mobile,language,3,1,1
USR_0402,1,17,3,12,0,tablet,data_science,1,0,0
USR_0403,5,33,2,21,1,desktop,design,0,1,0
USR_0404,1,16,1,27,0,mobile,marketing,1,0,0
USR_0405,4,113,8,2,1,mobile,data_science,0,1,1
USR_0406,1,5,0,19,1,mobile,coding,3,1,0
USR_0407,2,23,1,9,0,desktop,data_science,1,0,0
USR_0408,21,783,6,7,1,desktop,coding,0,1,1
USR_0409,3,39,6,17,1,mobile,coding,1,0,0
USR_0410,7,190,13,2,1,mobile,marketing,0,1,1
USR_0411,23,507,6,7,1,desktop,coding,0,1,1
USR_0412,1,16,2,10,0,desktop,coding,1,1,0
USR_0413,4,38,0,22,1,desktop,marketing,0,1,0
USR_0414,1,14,4,15,0,desktop,data_science,0,0,0
USR_0415,3,26,4,25,1,desktop,coding,1,0,0
USR_0416,2,36,3,19,1,desktop,coding,3,1,0
USR_0417,9,255,13,12,1,mobile,coding,1,1,1
USR_0418,11,165,10,1,1,mobile,coding,0,1,1
USR_0419,5,88,1,21,1,desktop,marketing,3,1,0
USR_0420,2,15,1,23,0,mobile,coding,0,1,0
USR_0421,4,72,0,5,1,mobile,design,1,0,0
USR_0422,3,43,3,11,0,desktop,coding,0,0,0
USR_0423,9,187,6,14,1,desktop,language,0,1,1
USR_0424,2,5,1,5,1,tablet,design,0,0,0
USR_0425,9,153,14,3,1,mobile,language,0,1,1
USR_0426,2,21,2,6,0,tablet,data_science,1,0,0
USR_0427,4,63,0,26,0,mobile,marketing,1,1,0
USR_0428,1,17,3,13,0,desktop,marketing,1,1,0
USR_0429,1,6,5,2,0,mobile,design,0,0,0
USR_0430,11,294,16,10,1,mobile,coding,0,1,1
USR_0431,8,153,10,8,1,mobile,coding,0,1,1
USR_0432,1,15,5,27,1,desktop,coding,0,1,0
USR_0433,1,12,4,20,0,mobile,coding,0,0,0
USR_0434,21,311,13,1,1,desktop,design,0,1,1
USR_0435,7,159,10,4,1,mobile,design,0,1,1
USR_0436,1,5,4,6,0,mobile,data_science,0,0,0
USR_0437,12,358,15,10,1,desktop,coding,0,1,1
USR_0438,2,29,0,19,0,tablet,coding,0,0,0
USR_0439,1,11,3,23,1,mobile,coding,1,1,0
USR_0440,25,597,9,12,1,desktop,data_science,0,0,1
USR_0441,23,422,6,1,1,tablet,design,0,1,1
USR_0442,1,5,3,5,0,desktop,coding,1,0,0
USR_0443,4,5,2,15,1,desktop,design,0,1,0
USR_0444,1,10,0,10,0,mobile,data_science,2,0,0
USR_0445,2,17,3,24,0,mobile,marketing,0,1,0
USR_0446,1,5,4,16,0,mobile,coding,0,1,0
USR_0447,1,5,0,9,0,mobile,data_science,2,1,0
USR_0448,4,25,5,7,1,desktop,coding,0,1,0
USR_0449,1,9,0,11,1,mobile,data_science,0,0,0
USR_0450,16,440,4,12,1,mobile,data_science,1,0,1
USR_0451,3,32,2,17,0,tablet,design,2,0,0
USR_0452,2,36,3,9,1,desktop,coding,0,0,0
USR_0453,1,5,0,3,1,tablet,coding,0,1,0
USR_0454,1,14,2,22,0,desktop,design,1,0,0
USR_0455,11,155,10,4,1,mobile,data_science,0,1,1
USR_0456,1,13,2,19,1,desktop,data_science,0,0,0
USR_0457,3,117,13,9,1,desktop,marketing,0,1,1
USR_0458,1,15,1,16,1,mobile,data_science,1,0,0
USR_0459,8,127,15,10,1,mobile,design,0,1,1
USR_0460,7,209,13,10,1,mobile,design,0,0,1
USR_0461,8,158,10,6,0,desktop,marketing,0,1,1
USR_0462,4,35,1,20,0,mobile,design,0,1,0
USR_0463,1,12,2,25,1,desktop,coding,5,0,0
USR_0464,1,5,4,13,1,mobile,data_science,0,1,0
USR_0465,2,19,0,3,0,mobile,language,0,0,0
USR_0466,1,11,0,12,0,mobile,coding,1,0,0
USR_0467,11,253,12,3,1,mobile,design,0,0,1
USR_0468,1,16,0,8,0,mobile,marketing,1,0,0
USR_0469,8,140,5,5,1,mobile,design,0,1,1
USR_0470,1,9,6,20,1,mobile,data_science,0,1,0
USR_0471,10,213,15,2,1,tablet,coding,0,1,1
USR_0472,6,68,3,7,0,desktop,data_science,0,0,0
USR_0473,3,82,12,9,1,desktop,coding,0,1,1
USR_0474,2,5,0,29,1,tablet,language,0,0,0
USR_0475,1,8,2,12,1,tablet,design,0,1,0
USR_0476,3,7,3,17,0,tablet,design,0,1,0
USR_0477,17,608,11,8,1,mobile,data_science,1,1,1
USR_0478,1,9,4,17,1,desktop,coding,4,0,0
USR_0479,1,9,2,2,1,desktop,coding,1,1,0
USR_0480,1,14,4,6,0,desktop,coding,0,0,0
USR_0481,2,24,1,12,1,desktop,data_science,3,0,0
USR_0482,2,8,0,26,0,mobile,data_science,0,0,0
USR_0483,7,67,0,11,1,tablet,data_science,1,1,0
USR_0484,3,24,0,21,0,mobile,data_science,3,0,0
USR_0485,1,5,5,11,0,mobile,language,0,0,0
USR_0486,2,13,0,18,1,mobile,coding,0,1,0
USR_0487,13,156,12,4,1,mobile,design,1,1,1
USR_0488,15,530,15,5,1,mobile,coding,0,0,1
USR_0489,1,5,2,7,1,mobile,data_science,0,0,0
USR_0490,1,15,5,28,1,tablet,coding,2,0,0
USR_0491,2,18,2,14,0,mobile,design,0,0,0
USR_0492,1,10,4,16,1,desktop,coding,0,0,0
USR_0493,5,118,13,10,1,desktop,coding,1,0,1
USR_0494,15,240,16,9,1,desktop,marketing,0,1,1
USR_0495,1,12,7,20,0,mobile,coding,0,0,0
USR_0496,2,16,0,29,1,desktop,data_science,2,1,0
USR_0497,2,11,5,23,1,mobile,data_science,0,0,0
USR_0498,18,501,12,6,1,mobile,data_science,0,0,1
USR_0499,6,104,2,16,0,desktop,design,2,0,0
USR_0500,1,13,6,21,1,tablet,design,1,0,0
USR_0501,1,14,0,19,0,desktop,coding,1,1,0
USR_0502,10,73,1,16,1,mobile,coding,1,0,0
USR_0503,22,762,8,2,1,mobile,marketing,0,1,1
USR_0504,1,17,3,13,0,mobile,data_science,0,0,0
USR_0505,1,20,0,26,0,desktop,marketing,2,1,0
USR_0506,11,370,5,10,0,mobile,data_science,0,1,1
USR_0507,3,24,2,22,1,desktop,design,0,0,0
USR_0508,3,12,2,19,0,mobile,language,1,0,0
USR_0509,3,14,3,10,1,mobile,design,3,0,0
USR_0510,1,5,2,7,1,mobile,data_science,1,0,0
USR_0511,1,9,0,9,1,mobile,design,1,0,0
USR_0512,2,36,8,25,1,desktop,data_science,0,1,0
USR_0513,1,9,2,14,0,tablet,design,0,0,0
USR_0514,1,11,0,15,1,mobile,coding,1,0,0
USR_0515,16,467,20,2,1,mobile,design,1,1,1
USR_0516,20,494,16,5,1,tablet,coding,1,1,1
USR_0517,4,80,4,14,0,desktop,coding,0,0,0
USR_0518,3,59,3,26,1,tablet,design,0,0,0
USR_0519,1,9,3,21,1,mobile,coding,1,0,0
USR_0520,21,436,7,13,1,mobile,marketing,0,0,1
USR_0521,1,13,2,29,1,mobile,marketing,0,1,0
USR_0522,1,8,2,12,1,mobile,language,0,0,0
USR_0523,2,8,2,28,1,desktop,design,2,0,0
USR_0524,1,16,4,29,1,mobile,data_science,0,0,0
USR_0525,1,16,3,19,0,desktop,data_science,1,0,0
USR_0526,1,10,4,6,0,mobile,data_science,0,0,0
USR_0527,1,5,3,12,1,desktop,coding,0,0,0
USR_0528,12,290,13,7,1,mobile,data_science,0,1,1
USR_0529,14,365,8,8,1,mobile,design,0,1,1
USR_0530,6,45,3,8,1,desktop,coding,0,0,0
USR_0531,1,8,5,16,1,mobile,coding,0,0,0
USR_0532,2,30,1,2,1,mobile,design,1,0,0
USR_0533,2,27,1,22,0,mobile,coding,0,0,0
USR_0534,7,118,0,7,0,desktop,coding,1,1,0
USR_0535,1,5,3,12,1,desktop,coding,0,1,0
USR_0536,1,8,0,7,0,desktop,design,0,0,0
USR_0537,1,13,3,19,0,tablet,design,1,0,0
USR_0538,6,94,10,3,1,tablet,design,0,0,1
USR_0539,1,17,5,9,1,desktop,coding,1,0,0
USR_0540,17,303,20,6,1,desktop,design,1,1,1
USR_0541,1,19,2,11,0,desktop,design,0,0,0
USR_0542,1,12,5,16,0,mobile,data_science,3,1,0
USR_0543,9,114,14,13,1,tablet,data_science,0,1,1
USR_0544,1,8,1,11,0,desktop,design,0,1,0
USR_0545,2,20,3,18,0,mobile,data_science,0,1,0
USR_0546,1,14,3,11,1,mobile,design,0,1,0
USR_0547,11,285,13,1,1,mobile,coding,0,1,1
USR_0548,2,27,2,4,0,mobile,data_science,1,1,0
USR_0549,1,9,5,18,0,mobile,data_science,0,0,0
USR_0550,1,16,0,19,0,mobile,data_science,0,1,0
USR_0551,1,5,2,13,0,mobile,data_science,0,1,0
USR_0552,1,5,3,4,0,desktop,marketing,0,0,0
USR_0553,2,26,3,10,0,mobile,marketing,0,1,0
USR_0554,1,10,5,29,1,mobile,design,0,1,0
USR_0555,2,26,5,22,0,mobile,design,1,1,0
USR_0556,1,10,2,5,1,tablet,coding,2,0,0
USR_0557,11,136,19,10,1,mobile,design,0,1,1
USR_0558,9,139,6,14,1,mobile,data_science,0,1,1
USR_0559,1,12,4,26,1,desktop,data_science,3,1,0
USR_0560,1,14,6,8,0,mobile,coding,3,1,0
USR_0561,6,96,5,24,0,mobile,coding,0,0,0
USR_0562,12,289,11,6,1,mobile,coding,0,1,1
USR_0563,10,226,7,9,1,desktop,coding,0,1,1
USR_0564,9,276,13,12,1,desktop,coding,1,1,1
USR_0565,1,5,3,15,0,desktop,design,1,1,0
USR_0566,3,22,0,17,1,mobile,coding,2,0,0
USR_0567,3,27,1,21,1,desktop,data_science,0,0,0
USR_0568,1,15,0,1,0,mobile,marketing,0,0,0
USR_0569,1,6,2,6,0,mobile,coding,0,0,0
USR_0570,8,105,7,5,1,mobile,marketing,0,1,1
USR_0571,4,39,3,23,0,desktop,design,0,0,0
USR_0572,3,27,1,15,0,mobile,data_science,0,0,0
USR_0573,2,22,5,12,1,desktop,coding,1,1,0
USR_0574,4,32,2,21,0,desktop,coding,0,1,0
USR_0575,5,39,1,20,1,mobile,data_science,1,0,0
USR_0576,1,5,3,2,1,mobile,coding,0,0,0
USR_0577,3,85,10,6,1,mobile,coding,0,1,1
USR_0578,1,7,3,9,0,mobile,coding,2,0,0
USR_0579,1,7,2,20,0,mobile,design,0,1,0
USR_0580,5,108,15,14,1,tablet,coding,0,1,1
USR_0581,3,39,2,18,0,mobile,marketing,0,0,0
USR_0582,1,11,3,29,0,desktop,coding,1,0,0
USR_0583,2,29,2,22,0,mobile,marketing,2,1,0
USR_0584,9,187,11,6,1,desktop,coding,1,1,1
USR_0585,3,25,1,2,0,desktop,design,2,0,0
USR_0586,7,38,6,1,1,desktop,data_science,0,1,1
USR_0587,9,327,14,7,1,tablet,design,0,1,1
USR_0588,19,191,21,5,1,mobile,coding,0,1,1
USR_0589,11,193,16,14,1,mobile,data_science,0,1,1
USR_0590,11,238,17,8,1,desktop,coding,1,1,1
USR_0591,23,482,12,9,1,desktop,data_science,1,1,1
USR_0592,3,28,3,21,0,desktop,coding,0,0,0
USR_0593,24,350,9,8,0,mobile,data_science,0,1,1
USR_0594,10,238,15,13,1,mobile,coding,1,1,1
USR_0595,1,14,4,29,0,mobile,coding,1,0,0
USR_0596,1,9,2,15,0,tablet,design,0,0,0
USR_0597,3,11,4,5,1,tablet,language,1,0,0
USR_0598,9,203,9,6,1,desktop,data_science,0,0,1
USR_0599,10,181,11,5,1,desktop,design,1,1,1
USR_0600,23,423,12,14,1,desktop,data_science,0,1,1
USR_0601,9,216,7,5,1,desktop,data_science,0,0,1
USR_0602,16,457,12,14,1,mobile,coding,0,0,1
USR_0603,11,195,5,9,1,desktop,coding,0,1,1
USR_0604,8,127,16,1,1,mobile,marketing,0,1,1
USR_0605,11,289,12,8,1,desktop,data_science,0,1,1
USR_0606,1,8,1,28,1,mobile,design,0,1,0
USR_0607,13,361,8,7,1,desktop,data_science,1,1,1
USR_0608,1,7,3,28,0,desktop,data_science,1,0,0
USR_0609,4,19,1,26,0,desktop,data_science,2,1,0
USR_0610,1,7,4,3,1,desktop,design,1,1,0
USR_0611,14,232,9,12,1,desktop,coding,0,0,1
USR_0612,2,16,3,13,0,desktop,data_science,0,0,0
USR_0613,5,44,2,18,0,mobile,data_science,2,0,0
USR_0614,30,815,9,4,1,desktop,language,0,1,1
USR_0615,1,9,0,15,1,mobile,data_science,0,1,0
USR_0616,1,9,1,5,1,desktop,design,1,0,0
USR_0617,13,300,13,13,1,desktop,coding,0,0,1
USR_0618,11,257,15,11,1,desktop,coding,0,0,1
USR_0619,2,19,5,21,0,desktop,marketing,1,0,0
USR_0620,1,18,1,17,1,desktop,design,2,0,0
USR_0621,4,65,9,11,1,desktop,data_science,0,1,1
USR_0622,3,95,19,9,1,mobile,data_science,0,1,1
USR_0623,1,13,5,15,1,tablet,coding,0,1,0
USR_0624,6,70,2,20,0,desktop,design,1,1,0
USR_0625,1,5,4,23,1,mobile,coding,0,0,0
USR_0626,5,11,0,3,0,desktop,marketing,0,1,0
USR_0627,3,53,5,5,0,desktop,data_science,0,0,0
USR_0628,3,51,7,11,0,tablet,coding,0,1,0
USR_0629,8,131,11,2,1,desktop,marketing,0,1,1
USR_0630,10,243,17,5,1,mobile,language,0,1,1
USR_0631,5,91,1,25,0,mobile,coding,0,0,0
USR_0632,2,15,4,1,1,desktop,marketing,0,1,0
USR_0633,3,22,2,25,0,desktop,marketing,2,0,0
USR_0634,1,8,5,14,1,desktop,design,1,0,0
USR_0635,14,200,13,4,1,mobile,language,0,1,1
USR_0636,2,5,1,8,1,desktop,data_science,4,1,0
USR_0637,3,45,3,21,1,desktop,design,2,0,0
USR_0638,9,199,7,4,1,mobile,marketing,0,1,1
USR_0639,13,207,14,3,1,mobile,data_science,0,1,1
USR_0640,2,28,1,16,0,mobile,data_science,0,0,0
USR_0641,20,334,7,4,1,mobile,data_science,0,1,1
USR_0642,18,123,8,14,1,mobile,marketing,0,1,1
USR_0643,5,126,14,8,1,mobile,design,0,1,1
USR_0644,8,114,11,1,1,desktop,data_science,0,1,1
USR_0645,13,375,18,8,1,mobile,data_science,0,0,1
USR_0646,2,32,0,9,0,mobile,coding,1,0,0
USR_0647,6,96,3,5,0,mobile,coding,0,0,0
USR_0648,3,34,4,5,0,mobile,data_science,2,1,0
USR_0649,1,5,5,25,0,desktop,data_science,0,1,0
USR_0650,1,7,3,26,0,mobile,marketing,1,1,0
USR_0651,18,386,8,12,1,desktop,data_science,0,1,1
USR_0652,5,45,0,4,0,desktop,language,1,0,0
USR_0653,5,73,3,16,0,mobile,coding,0,1,0
USR_0654,2,5,3,16,0,desktop,language,1,0,0
USR_0655,1,5,4,16,1,desktop,coding,1,0,0
USR_0656,4,71,9,4,1,mobile,design,1,1,1
USR_0657,18,415,18,13,1,desktop,data_science,0,1,1
USR_0658,1,6,0,24,0,desktop,data_science,1,0,0
USR_0659,1,5,0,21,0,desktop,coding,0,0,0
USR_0660,1,10,0,1,0,mobile,coding,1,0,0
USR_0661,1,9,0,3,0,tablet,design,0,0,0
USR_0662,1,13,3,25,1,mobile,data_science,1,1,0
USR_0663,1,10,1,21,0,mobile,language,0,1,0
USR_0664,7,89,12,1,1,mobile,data_science,0,1,1
USR_0665,17,610,7,2,1,desktop,language,0,1,1
USR_0666,11,300,10,7,1,desktop,coding,0,1,1
USR_0667,15,373,10,8,1,mobile,coding,1,1,1
USR_0668,18,271,4,12,1,mobile,data_science,0,1,1
USR_0669,16,415,8,14,1,desktop,marketing,0,1,1
USR_0670,12,203,8,3,1,tablet,data_science,0,1,1
USR_0671,15,462,17,11,1,mobile,coding,0,0,1
USR_0672,2,19,3,15,0,desktop,coding,1,1,0
USR_0673,7,148,14,13,1,mobile,data_science,0,1,1
USR_0674,1,5,2,17,0,desktop,design,0,1,0
USR_0675,1,8,6,11,1,desktop,data_science,1,0,0
USR_0676,4,24,2,6,1,mobile,design,1,1,0
USR_0677,5,128,4,12,1,desktop,design,1,0,1
USR_0678,1,5,1,18,0,tablet,marketing,0,0,0
USR_0679,2,33,0,20,1,mobile,data_science,0,1,0
USR_0680,1,5,2,2,1,mobile,data_science,0,1,0
USR_0681,1,5,3,4,1,mobile,language,1,1,0
USR_0682,12,226,10,4,1,mobile,data_science,0,1,1
USR_0683,16,564,9,12,1,desktop,data_science,1,1,1
USR_0684,1,5,0,1,1,mobile,marketing,0,0,0
USR_0685,1,11,1,11,0,desktop,coding,1,1,0
USR_0686,1,7,2,3,0,mobile,data_science,0,0,0
USR_0687,1,5,2,8,0,tablet,coding,1,1,0
USR_0688,7,112,8,7,1,mobile,coding,1,1,1
USR_0689,3,71,3,20,1,mobile,coding,1,0,0
USR_0690,13,340,15,2,1,mobile,coding,0,1,1
USR_0691,13,286,15,3,1,desktop,data_science,2,0,1
USR_0692,2,34,3,22,1,mobile,marketing,2,0,0
USR_0693,1,13,2,5,1,mobile,design,1,0,0
USR_0694,7,177,10,3,1,desktop,design,0,1,1
USR_0695,8,151,15,14,1,desktop,data_science,0,1,1
USR_0696,1,13,4,12,1,desktop,marketing,1,1,0
USR_0697,18,279,7,12,1,mobile,marketing,1,1,1
USR_0698,1,5,6,9,0,mobile,marketing,0,0,0
USR_0699,9,158,9,12,1,desktop,marketing,0,1,1
USR_0700,3,23,7,13,0,mobile,coding,2,0,0
USR_0701,3,52,5,22,0,mobile,design,1,0,0
USR_0702,22,515,14,8,1,mobile,design,1,1,1
USR_0703,18,333,17,6,1,tablet,data_science,1,0,1
USR_0704,4,59,12,6,1,mobile,data_science,1,1,1
USR_0705,16,156,15,1,1,desktop,coding,0,1,1
USR_0706,1,5,3,28,1,mobile,coding,1,1,0
USR_0707,8,157,12,3,1,desktop,language,0,1,1
USR_0708,6,71,2,11,1,desktop,design,0,0,0
USR_0709,5,145,5,6,1,mobile,coding,0,1,1
USR_0710,3,25,3,21,0,mobile,coding,1,1,0
USR_0711,2,31,0,20,0,desktop,design,0,1,0
USR_0712,1,10,0,21,0,mobile,data_science,1,0,0
USR_0713,3,17,1,7,1,desktop,data_science,1,0,0
USR_0714,1,13,4,17,1,desktop,coding,0,0,0
USR_0715,7,216,4,2,1,desktop,coding,1,1,1
USR_0716,1,5,4,14,1,mobile,data_science,1,0,0
USR_0717,2,24,5,1,0,mobile,design,1,0,0
USR_0718,1,11,2,11,0,desktop,coding,2,1,0
USR_0719,5,121,14,5,1,mobile,data_science,0,1,1
USR_0720,1,14,2,1,0,tablet,design,4,0,0
USR_0721,1,6,2,2,1,tablet,marketing,0,0,0
USR_0722,8,99,11,4,1,mobile,coding,0,1,1
USR_0723,19,327,10,8,1,mobile,design,0,1,1
USR_0724,3,36,3,5,0,mobile,language,2,0,0
USR_0725,1,19,4,9,0,tablet,language,1,1,0
USR_0726,1,5,2,13,0,mobile,marketing,0,0,0
USR_0727,11,248,13,1,1,mobile,design,0,1,1
USR_0728,4,25,2,15,0,desktop,coding,1,0,0
USR_0729,14,265,13,13,1,mobile,design,1,1,1
USR_0730,12,237,13,4,1,mobile,design,0,1,1
USR_0731,13,165,4,6,1,mobile,data_science,0,1,1
USR_0732,6,85,4,6,1,desktop,data_science,0,1,0
USR_0733,2,25,3,2,1,mobile,design,0,0,0
USR_0734,1,5,3,16,0,desktop,language,0,0,0
USR_0735,1,14,4,19,0,desktop,coding,0,0,0
USR_0736,3,44,1,5,0,desktop,coding,1,0,0
USR_0737,5,70,1,4,0,desktop,design,1,0,0
USR_0738,1,11,2,14,1,mobile,coding,1,1,0
USR_0739,4,44,1,27,0,mobile,design,3,0,0
USR_0740,8,121,4,6,1,mobile,coding,0,1,0
USR_0741,4,78,1,8,0,desktop,data_science,0,0,0
USR_0742,9,242,12,14,1,mobile,design,0,1,1
USR_0743,1,15,2,3,1,mobile,coding,1,0,0
USR_0744,8,76,3,4,0,mobile,coding,1,0,0
USR_0745,17,93,6,6,1,mobile,data_science,0,1,1
USR_0746,2,5,2,2,1,desktop,data_science,0,0,0
USR_0747,1,8,3,13,1,desktop,design,1,1,0
USR_0748,2,10,3,9,0,mobile,data_science,2,0,0
USR_0749,4,30,2,12,1,desktop,data_science,0,1,0
USR_0750,1,5,6,10,0,mobile,data_science,2,1,0
